Model_Rank,Mean_Validation_Score,Mean_Standard_Deviation,Parameters
1,0.8787229189897573,0.03046154606173499,{'n_estimators': 420}
2,0.8783629194495856,0.031003390471371146,{'n_estimators': 186}
3,0.8780621457885479,0.028470924007635446,{'n_estimators': 456}
4,0.8769895733943371,0.03366088619202504,{'n_estimators': 257}
5,0.8760392463414914,0.03202404502133522,{'n_estimators': 551}
6,0.8758255641517894,0.03138280505658004,{'n_estimators': 611}
7,0.8756089390612607,0.03225282370210459,{'n_estimators': 723}
8,0.8754139948729149,0.03208890521705908,{'n_estimators': 583}
9,0.8752871512490085,0.03082140876053431,{'n_estimators': 667}
10,0.8752579751462829,0.03234700671985473,{'n_estimators': 391}
